rank,uri,artist_names,track_name,source,peak_rank,previous_rank,weeks_on_chart,streams
1,"spotify:track:5PjdY0CKGZdEuoNab3yDmX","The Kid LAROI, Justin Bieber","STAY (with Justin Bieber)","Columbia",1,1,8,"68764542"
2,"spotify:track:27NovPIUIRrOZoCHxABJwK","Lil Nas X, Jack Harlow","INDUSTRY BABY (feat. Jack Harlow)","Columbia",2,2,6,"43663527"
3,"spotify:track:6PQ88X9TkUIAUIZJHW2upE","Ed Sheeran","Bad Habits","Atlantic Records UK",3,3,10,"34182580"
4,"spotify:track:3Wrjm47oTz2sjIgck11l5e","Måneskin","Beggin'","RCA Records Label",1,4,13,"32620597"
5,"spotify:track:0RbW8kWozrVSIGb4V13o0o","Kanye West","Hurricane","Rock The World/IDJ/Kanye LP7",5,-1,1,"30609671"
6,"spotify:track:5fwSHlTEWpluwOM0Sxnh5k","Farruko","Pepas","Sony Music Latin",6,7,8,"29398007"
7,"spotify:track:4ZtFanR9U6ndgddUvNcjcG","Olivia Rodrigo","good 4 u","Olivia Rodrigo PS",1,5,16,"29366737"
8,"spotify:track:3Vi5XqYrmQgOYBajMWSvCi","Doja Cat","Need to Know","Kemosabe Records/RCA Records",6,6,12,"28000403"
9,"spotify:track:6Uj1ctrBOjOas8xZXGqKk4","Doja Cat","Woman","Kemosabe Records/RCA Records",9,9,8,"26632882"
10,"spotify:track:42ZrMq4BKsWDrrbMnMRYaK","Kanye West","Jail","Rock The World/IDJ/Kanye LP7",10,-1,1,"24792859"
11,"spotify:track:4RVwu0g32PAqgUiJoXsdF8","Billie Eilish","Happier Than Ever","Darkroom/Interscope Records",6,8,5,"24448545"
12,"spotify:track:2gbMPBrBVj3CuNTLp2dHYs","Kanye West","Off The Grid","Rock The World/IDJ/Kanye LP7",12,-1,1,"24302344"
13,"spotify:track:67BtfxlNbhBmCDR2L2l8qd","Lil Nas X","MONTERO (Call Me By Your Name)","Columbia",1,11,23,"23040130"
14,"spotify:track:3DarAbFujv6eYNliUTyqtz","Doja Cat, SZA","Kiss Me More (feat. SZA)","Kemosabe Records/RCA Records",3,10,21,"22451916"
15,"spotify:track:5RwV8BvLfX5injfqYodke9","Rauw Alejandro","Todo De Ti","Sony Music Latin/Duars Entertainment",2,12,15,"20724487"
16,"spotify:track:0Zm7NKJgoKY6ZWwtoEUILK","Kanye West","Praise God","Rock The World/IDJ/Kanye LP7",16,-1,1,"19702684"
17,"spotify:track:02MWAaffLxlfxAUY7c5dvx","Glass Animals","Heat Waves","Polydor Records",17,25,36,"19628570"
18,"spotify:track:2vmfvSoZBFAt9hhRoEByLi","Aventura, Bad Bunny","Volví","Rimas Entertainment LLC",10,14,5,"18925587"
19,"spotify:track:2Rd4eJ4KwXQQn2sMSToyUM","Kanye West","Moon","Rock The World/IDJ/Kanye LP7",19,-1,1,"18904930"
20,"spotify:track:2JPLbjOn0wPCngEot2STUS","Bad Bunny","Yonaguni","Rimas Entertainment LLC",3,15,13,"18618312"
21,"spotify:track:4pt5fDVTg5GhEvEtlz9dKk","Måneskin","I WANNA BE YOUR SLAVE","RCA Records Label",8,16,15,"17808726"
22,"spotify:track:6M3PsepEj5gyJoIi7Xvr7u","The Weeknd","Take My Breath - Single Version","XO / Republic Records",7,13,4,"17722841"
23,"spotify:track:6hf0RpxTbOprT5nnwzkk8e","J Balvin, Maria Becerra","Qué Más Pues?","Sueños Globales, LLC",9,19,14,"17110678"
24,"spotify:track:5nujrmhLynf4yMoMtj8AQF","Dua Lipa, DaBaby","Levitating (feat. DaBaby)","Warner Records",4,17,48,"17032677"
25,"spotify:track:5CZ40GBx1sQ9agT82CLQCT","Olivia Rodrigo","traitor","Olivia Rodrigo PS",7,18,15,"16858476"
26,"spotify:track:73uxnSsFMeJ15POpd3zgrV","Kanye West","Believe What I Say","Rock The World/IDJ/Kanye LP7",26,-1,1,"16052001"
27,"spotify:track:4iJyoBOLtHqaGxP12qzhQI","Justin Bieber, Daniel Caesar, Giveon","Peaches (feat. Daniel Caesar & Giveon)","RBMG/Def Jam",1,20,24,"15563753"
28,"spotify:track:3gWzTnziivUYzqXtnvgN8q","Kanye West","Jonah","Rock The World/IDJ/Kanye LP7",28,-1,1,"15535805"
29,"spotify:track:1dPNJDYuW9QAtkOpK3eBvO","Kanye West","God Breathed","Rock The World/IDJ/Kanye LP7",29,-1,1,"15309684"
30,"spotify:track:4VYEnxm7lmtG5sEEbcmORB","Kanye West","Ok Ok","Rock The World/IDJ/Kanye LP7",30,-1,1,"14811311"
31,"spotify:track:2bgTY4UwhfBYhGT4HUYStN","BTS","Butter","BIGHIT MUSIC",2,23,15,"14565825"
32,"spotify:track:37BZB0z9T8Xu7U3e65qxFy","The Weeknd, Ariana Grande","Save Your Tears (with Ariana Grande) (Remix)","Republic Records",5,21,19,"14237777"
33,"spotify:track:3JR0ducCexKbeK47g6AHm5","BTS, Megan Thee Stallion","Butter - Megan Thee Stallion Remix","BIGHIT MUSIC",33,-1,1,"13960331"
34,"spotify:track:2ZUJsR8HEktit58X6FuPQM","Kanye West","Heaven and Hell","Rock The World/IDJ/Kanye LP7",34,-1,1,"13876358"
35,"spotify:track:0VjIjW4GlUZAMYd2vXMi3b","The Weeknd","Blinding Lights","Republic Records",1,26,92,"13820934"
36,"spotify:track:7Bpx2vsWfQFBACRz4h3IqH","Baby Keem, Kendrick Lamar","family ties (with Kendrick Lamar)","Columbia",36,-1,1,"13819716"
37,"spotify:track:3onYsG7nB3FwEVHYYWCrIM","Kanye West","No Child Left Behind","Rock The World/IDJ/Kanye LP7",37,-1,1,"13621927"
38,"spotify:track:4bF2y8rR7GUjrd5LNEvej3","Ingratax","París","Room28",24,24,6,"13505979"
39,"spotify:track:6HU7h9RYOaPRFeh0R3UeAr","Olivia Rodrigo","deja vu","Olivia Rodrigo PS",3,22,22,"13397107"
40,"spotify:track:5eXBXreN3d1zdj6Sa8dS0u","BTS","Permission to Dance","BIGHIT MUSIC",5,32,8,"13372442"
41,"spotify:track:1aF9TeHZbe6OVo9dtjPuzK","Kanye West","Junya","Rock The World/IDJ/Kanye LP7",41,-1,1,"13342949"
42,"spotify:track:05bfbizlM5AX6Mf1RRyMho","Nio Garcia, J Balvin, Bad Bunny","AM Remix","Flow La Movie",14,27,10,"13082669"
43,"spotify:track:7DBFslKWQzoRgO0HBBkL3u","Kanye West","24","Rock The World/IDJ/Kanye LP7",43,-1,1,"12955187"
44,"spotify:track:63aj87TQG6F3RVO5nbG2VQ","J Balvin, Skrillex","In Da Getto","Sueños Globales, LLC",44,48,9,"12933235"
45,"spotify:track:3SYLoL8KHxdQPYIkfwmUjN","Kanye West","Remote Control","Rock The World/IDJ/Kanye LP7",45,-1,1,"12913533"
46,"spotify:track:5wANPM4fQCJwkGd4rN57mH","Olivia Rodrigo","drivers license","Olivia Rodrigo PS",1,28,34,"12878186"
47,"spotify:track:0G2zPzWqVjR68iNPmx2TBe","Mora, Bad Bunny, Sech","Volando - Remix","Rimas Entertainment LLC",19,29,8,"12598210"
48,"spotify:track:4XvcHTUfIlWfyJTRG0aqlo","Sleepy Hallow","2055","Winners Circle/RCA Records",31,31,7,"12034127"
49,"spotify:track:3PwRuzdphgedcWVUOVYJ7I","Rauw Alejandro","Cúrame","Sony Music Latin/Duars Entertainment",35,35,6,"11797153"
50,"spotify:track:7up5MwPUHQdv4DkzQRHRWP","Kanye West","Pure Souls","Rock The World/IDJ/Kanye LP7",50,-1,1,"11585806"
51,"spotify:track:0W6I02J9xcqK8MtSeosEXb","Doja Cat","Get Into It (Yuh)","Kemosabe Records/RCA Records",47,47,5,"11294620"
52,"spotify:track:2TJ1FOCmCBkKm418MjVw5D","Kanye West","Donda","Rock The World/IDJ/Kanye LP7",52,-1,1,"11098736"
53,"spotify:track:7MAibcTli4IisCtbHKrGMh","Bruno Mars, Anderson .Paak, Silk Sonic","Leave The Door Open","Aftermath Entertainment/Atlantic",5,33,26,"11085219"
54,"spotify:track:4HzqWEdAbzcVFDv0pvxV4w","Maluma","Sobrio","Sony Music Latin",41,43,8,"11037322"
55,"spotify:track:6w8yBI2vthyN9UnwO4UBWb","Tiago PZK, LIT killah","Entre Nosotros","WM Chile",34,37,8,"10951000"
56,"spotify:track:4IlOyxGATYUp7YVy5zrSW8","Kanye West","Keep My Spirit Alive","Rock The World/IDJ/Kanye LP7",56,-1,1,"10913129"
57,"spotify:track:56JwgcQcxo08w7YXrBzrA5","Kanye West","Jesus Lord","Rock The World/IDJ/Kanye LP7",57,-1,1,"10900265"
58,"spotify:track:2tGvwE8GcFKwNdAXMnlbfl","Olivia Rodrigo","happier","Olivia Rodrigo PS",12,38,15,"10837112"
59,"spotify:track:6OufwUcCqo81guU2jAlDVP","Shouse","Love Tonight - Edit","Hell Beach",39,39,9,"10655348"
60,"spotify:track:6UelLqGlWMcVH1E5c4H7lY","Harry Styles","Watermelon Sugar","Columbia",4,45,94,"10454615"
61,"spotify:track:5lAnYvAIkSDNXqfo7DyFUm","Doja Cat","Ain't Shit","Kemosabe Records/RCA Records",22,40,10,"10218950"
62,"spotify:track:27RSJHEA99Y0Vsow7nA37A","Sech, Jhay Cortez","911 - Remix","Rich Music",35,42,8,"10170485"
63,"spotify:track:1058fW9H3fZA6QjYCdOBad","Camila Cabello","Don't Go Yet","Epic",32,46,6,"10168472"
64,"spotify:track:0cOa970mzTWAxKtltpkpLc","TINI, Maria Becerra","Miénteme","Sony Music Latin",41,50,18,"10119289"
65,"spotify:track:4MzXwWMhyBbmu6hOcLVD49","Bad Bunny, Jhay Cortez","DÁKITI","Rimas Entertainment LLC",1,49,44,"10109481"
66,"spotify:track:4cG7HUWYHBV6R6tHn1gxrl","Riton, Nightcrawlers, Mufasa & Hypeman, Dopamine","Friday (feat. Mufasa & Hypeman) - Dopamine Re-Edit","Ministry of Sound Recordings",15,36,28,"10104000"
67,"spotify:track:0z8hI3OPS8ADPWtoCjjLl6","Shawn Mendes, Tainy","Summer of Love (Shawn Mendes & Tainy)","Shawn Mendes LP4-5 PS/ Island",34,34,2,"10086800"
68,"spotify:track:2GPTiPR5db727wu1tFvFt4","Kanye West","New Again","Rock The World/IDJ/Kanye LP7",68,-1,1,"10030218"
69,"spotify:track:6zSpb8dQRaw0M1dK8PBwQz","Elton John, Dua Lipa, PNAU","Cold Heart - PNAU Remix","EMI",61,61,3,"9744131"
70,"spotify:track:4OwhwvKESFtuu06dTgct7i","Marc Seguí, Rauw Alejandro, Pol Granch","Tiroteo - Remix","WEA Latina",48,52,9,"9541764"
71,"spotify:track:0MMyJUC3WNnFS1lit5pTjk","Olivia Rodrigo","jealousy, jealousy","Olivia Rodrigo PS",17,51,15,"9497239"
72,"spotify:track:4saklk6nie3yiGePpBwUoc","BTS","Dynamite","BIGHIT MUSIC",2,58,54,"9489399"
73,"spotify:track:0BGwAKW4u8kWOhWFflZxfl","Masked Wolf","Astronaut In The Ocean","Elektra (NEK)",3,44,33,"9374344"
74,"spotify:track:2rCbl9naJYhaxjLsfx88uM","Sebastian Yatra, Myke Towers","Pareja Del Año","UMLE - Latino",10,54,20,"9358037"
75,"spotify:track:4jPy3l0RUwlUI9T5XHBW2m","24kGoldn, iann dior","Mood (feat. iann dior)","Records/Columbia",1,57,56,"9310325"
76,"spotify:track:7f1w2rZoIf7g56McEUTh5W","Kanye West","Jail pt 2","Rock The World/IDJ/Kanye LP7",76,-1,1,"9288349"
77,"spotify:track:7EkWXAI1wn8Ii883ecd9xr","Surf Curse","Freaks","Surf Curse",55,56,18,"9221441"
78,"spotify:track:5YRFttxjAEgm2nq5Z2tlqK","Kanye West","Lord I Need You","Rock The World/IDJ/Kanye LP7",78,-1,1,"9221270"
79,"spotify:track:0bI7K9Becu2dtXK1Q3cZNB","Tiësto, KAROL G","Don't Be Shy","Atlantic Records",79,86,3,"9164205"
80,"spotify:track:1is8gU4RVcN4J8xItxWoOY","Clinton Kane","I GUESS I'M IN LOVE","Columbia",75,75,2,"8949541"
81,"spotify:track:0mJBiaODgK0XjOLCN5fItq","Sam Smith","Like I Can","Capitol",81,96,2,"8898032"
82,"spotify:track:5JCoSi02qi3jJeHdZXMmR8","Olivia Rodrigo","favorite crime","Olivia Rodrigo PS",11,55,15,"8849812"
83,"spotify:track:3VlW71ZRJPEjd17W0bW28D","Kanye West","Donda Chant","Rock The World/IDJ/Kanye LP7",83,-1,1,"8821108"
84,"spotify:track:6DZz58CbF0AKw5PCKqNKcM","Kanye West","Come to Life","Rock The World/IDJ/Kanye LP7",84,-1,1,"8799808"
85,"spotify:track:6KgtcmCF9Ky68XC7ezxl3s","Lizzo, Cardi B","Rumors (feat. Cardi B)","Nice Life/Atlantic",21,41,3,"8664176"
86,"spotify:track:2QjOHCTQ1Jl3zawyYOpxh6","The Neighbourhood","Sweater Weather","Columbia",35,64,53,"8653162"
87,"spotify:track:4qu63nuBpdn0qHUHuObEj1","Marshmello, Jonas Brothers","Leave Before You Love Me (with Jonas Brothers)","Republic Records",52,60,14,"8647549"
88,"spotify:track:37y7iDayfwm3WXn5BiAoRk","Steve Lacy","Dark Red","Three Quarter",77,77,4,"8613553"
89,"spotify:track:6f3Slt0GbA2bPZlz0aIFXN","Tiësto","The Business","Atlantic Records",9,59,44,"8470336"
90,"spotify:track:5RhFmJifQe83FpQ6ZFFTZ5","Halsey","I am not a woman, I'm a god","Capitol Records",90,-1,1,"8420550"
91,"spotify:track:7qEHsqek33rTcFNT9PFqLf","Lewis Capaldi","Someone You Loved","Vertigo Berlin",4,68,139,"8373451"
92,"spotify:track:3PfIrDoz19wz7qK7tYeu62","Dua Lipa","Don't Start Now","Warner Records",2,67,96,"8309988"
93,"spotify:track:4rPkN1FMzQyFNP9cLUGIIB","Dua Lipa","Love Again","Warner Records",69,69,8,"8216633"
94,"spotify:track:1WedZeiezCmCEOzLwhx0hV","J Balvin, KAROL G, Nicky Jam, Crissin, Totoy El Frio, Natan & Shander","Poblado - Remix","Universal Music Latino",33,62,11,"8164992"
95,"spotify:track:6KL88T4Ma4ABXqzgUoEwkd","OneRepublic","Run","Mosley Music/Interscope Records",56,76,17,"8138053"
96,"spotify:track:44V6EzbUSYgyfsNiP0FrlA","Ed Sheeran","Visiting Hours","Atlantic Records/Asylum",30,30,2,"8102174"
97,"spotify:track:2rOnSn2piaqLAlYjtfUBlY","Tanishk Bagchi, Jubin Nautiyal, Asees Kaur","Raataan Lambiyan (From ""Shershaah"")","Sony Music Entertainment India Pvt. Ltd.",63,63,3,"8066320"
98,"spotify:track:2CVChktEKBsM6v4IfdFU5k","dhruv","double take","Little Worry/RCA Records",65,70,8,"7991231"
99,"spotify:track:5QO79kh1waicV47BqGRL3g","The Weeknd","Save Your Tears","Republic Records",2,72,39,"7943160"
100,"spotify:track:6b2HYgqcK9mvktt4GxAu72","Justin Quiles, Chimbala, Zion & Lennox","Loco","WEA Latina",58,65,13,"7942778"
101,"spotify:track:34TiQsddaGhd8lmzJfxSzH","Kanye West","Tell The Vision","Rock The World/IDJ/Kanye LP7",101,-1,1,"7880253"
102,"spotify:track:2ookQf9qP2qiBuNFnNXyfl","John Amplificado","Chega E Senta - Ao Vivo","Virgin Music Label And Artist Services (S&D)",102,110,2,"7666991"
103,"spotify:track:18vXApRmJSgQ6wG2ll9AOg","Polo G","RAPSTAR","Columbia",3,71,21,"7655152"
104,"spotify:track:55sgQENF3LY1sUcJUwasLl","Skrillex, Justin Bieber, Don Toliver","Don’t Go (with Justin Bieber & Don Toliver)","OWSLA/Atlantic",53,53,2,"7641025"
105,"spotify:track:1dIWPXMX4kRHj6Dt2DStUQ","Blxst, Tyga, Ty Dolla $ign","Chosen (feat. Ty Dolla $ign)","Red Bull Records Inc. / Evgle LLC",85,85,6,"7601207"
106,"spotify:track:5K6Ssv4Z3zRvxt0P6EKUAP","Galantis, David Guetta, Little Mix","Heartbreak Anthem (with David Guetta & Little Mix)","Big Beat Records",46,66,15,"7551849"
107,"spotify:track:3FAJ6O0NOHQV8Mc5Ri6ENp","Giveon","Heartbreak Anniversary","Epic/Not So Fast",8,80,29,"7454420"
108,"spotify:track:1QCqedB1ibmRO9x7Ikb5LI","Kanye West","Ok Ok pt 2","Rock The World/IDJ/Kanye LP7",108,-1,1,"7405936"
109,"spotify:track:2kJRlOyrxsy7Ot3c5TZ8Q6","João Gomes","Meu Pedaço de Pecado","Sua Música",57,73,10,"7403450"
110,"spotify:track:72zHuDxFQTjbL51qJQSA7j","Jasleen Royal, B Praak, Romy, Anvita Dutt","Ranjha (From ""Shershaah"")","Sony Music Entertainment India Pvt. Ltd.",79,79,2,"7346918"
111,"spotify:track:40uMIn2zJLAQhNXghRjBed","Post Malone","Motley Crew","Republic Records",18,74,8,"7311942"
112,"spotify:track:0pqnGHJpmpxLKifKRmU6WP","Imagine Dragons","Believer","Kid Ina Korner / Interscope",16,93,239,"7163894"
113,"spotify:track:0k4d5YPDr1r7FX77VdqWez","Doja Cat, The Weeknd","You Right","Kemosabe Records/RCA Records",15,82,10,"7105986"
114,"spotify:track:21jGcNKet2qwijlDFuPiPb","Post Malone","Circles","Republic Records",1,98,105,"7085474"
115,"spotify:track:6SRsiMl7w1USE4mFqrOhHC","Olivia Rodrigo","brutal","Olivia Rodrigo PS",9,89,15,"7045689"
116,"spotify:track:2N8m6CYs74qQO4mjVcXO30","Tones And I","Dance Monkey","Elektra (NEK)",1,92,111,"7034700"
117,"spotify:track:35mvY5S1H3J2QZyna3TFe0","Ariana Grande","positions","Republic Records",1,87,45,"6995145"
118,"spotify:track:5zFglKYiknIxks8geR8rcL","Maroon 5, Megan Thee Stallion","Beautiful Mistakes (feat. Megan Thee Stallion)","Interscope Records*",34,88,26,"6982261"
119,"spotify:track:1J14CdDAvBTE1AJYUOwl6C","Duncan Laurence","Arcade","Universal Music, a division of Universal International Music BV",23,90,34,"6934161"
120,"spotify:track:0u2P5u6lvoDfwTYjAADbn4","Billie Eilish, Khalid","lovely (with Khalid)","Darkroom",24,102,176,"6914663"
121,"spotify:track:3J4VKkUpLvomXJbn9ZAypO","Meek Mill, Lil Durk, Lil Baby","Sharing Locations (feat. Lil Baby & Lil Durk)","MMG/Atlantic",121,-1,1,"6894638"
122,"spotify:track:2gMXnyrvIjhVBUZwvLZDMP","Lewis Capaldi","Before You Go","Vertigo Berlin",19,101,93,"6886210"
123,"spotify:track:6tDDoYIxWvMLTdKpjFkc1B","Kali Uchis","telepatía","EMI / Interscope",2,95,28,"6845694"
124,"spotify:track:39LLxExYz6ewLAcYrzQQyP","Dua Lipa","Levitating","Warner Records",52,97,24,"6790759"
125,"spotify:track:27OeeYzk6klgBh83TSvGMA","The Kid LAROI","WITHOUT YOU","Columbia",7,100,39,"6753205"
126,"spotify:track:43qcs9NpJhDxtG91zxFkj7","Wisin, Jhay Cortez, Anuel AA, Los Legendarios, Myke Towers","Fiel - Remix","La Base Music Group/ WK Records",29,84,11,"6661269"
127,"spotify:track:7soCc4TpT99bOhJoCiMqFN","Kanye West","Junya pt 2","Rock The World/IDJ/Kanye LP7",127,-1,1,"6621001"
128,"spotify:track:1sx0XsWUusUoPstbvokZjP","Tai Verdes","A-O-K","Arista Records",114,114,3,"6574515"
129,"spotify:track:0tgVpDi06FyKpA1z0VMD4v","Ed Sheeran","Perfect","Atlantic Records UK",4,109,233,"6548141"
130,"spotify:track:0PwFN7vRvY80Hnkoew2x3f","Rauw Alejandro, Mr. Naisgai","2/Catorce","Sony Music Latin/Duars Entertainment",31,111,17,"6547678"
131,"spotify:track:0RiRZpuVRbi7oqRdSMwhQY","Post Malone, Swae Lee","Sunflower - Spider-Man: Into the Spider-Verse","Republic Records",1,116,150,"6545416"
132,"spotify:track:7qiZfU4dY1lWllzX7mPBI3","Ed Sheeran","Shape of You","Atlantic Records UK",1,107,240,"6506168"
133,"spotify:track:1f3yAtsJtY87CTmM8RLnxf","Nirvana","Smells Like Teen Spirit","Geffen",117,117,35,"6496714"
134,"spotify:track:2FSGUA0gFgGeQdprjtGM2M","KAROL G, Mariah Angeliq","EL MAKINON","UMLE - Latino",33,125,23,"6495643"
135,"spotify:track:6cx06DFPPHchuUAcTxznu9","Joel Corry, MNEK","Head & Heart (feat. MNEK)","Atlantic Records UK",11,106,60,"6469004"
136,"spotify:track:6Dy1jexKYriXAVG6evyUTJ","Joel Corry, Jax Jones, Charli XCX, Saweetie","OUT OUT (feat. Charli XCX & Saweetie)","Atlantic Records UK",136,151,3,"6413378"
137,"spotify:track:5zNW5ARjYhJQJz1AChP33n","Megan Thee Stallion","Thot Shit","300 Entertainment",46,91,12,"6350650"
138,"spotify:track:1uMHCAyGmHqyygoNRuo7MV","bbno$, Rich Brian","edamame (feat. Rich Brian)","bbno$, Rich Brian appears courtesy of 88Rising",138,161,2,"6326405"
139,"spotify:track:25141FAgU1OmwoC9W2i5E3","Tarcísio do Acordeon, Marcynho Sensação","Rolê","Sua Música",113,113,4,"6298038"
140,"spotify:track:2MnLkFqY9Rpg9s3Zv6ZJdK","Gera MX, Christian Nodal","Botella Tras Botella","Virgin Music México",9,115,19,"6276595"
141,"spotify:track:2KcNrONbZ0hvBPjvrDO2tx","Myke Towers","ALMAS GEMELAS","WEA Latina",87,99,5,"6233421"
142,"spotify:track:7BoobGhD4x5K96Me0hqC8Q","Bella Poarch","Build a Bitch","Warner Records",20,104,16,"6231650"
143,"spotify:track:5YaskwnGDZFDRipaqzbwQx","ATB, Topic, A7S","Your Love (9PM)","Virgin",26,108,31,"6157058"
144,"spotify:track:2aTKrdenCq5qBOoJPFdn4P","Jamie Miller","Here's Your Perfect","Atlantic Records",104,123,9,"6153223"
145,"spotify:track:0b18g3G5spr4ZCkz7Y6Q0Q","Majestic, Boney M.","Rasputin","NITRON music",40,103,19,"6121532"
146,"spotify:track:7aZusA4cWXz3Wv9e9uhavz","Matuê","Quer Voar","Sony Music Entertainment",83,112,3,"6120237"
147,"spotify:track:4xqrdfXkTW4T0RauPLv3WA","Conan Gray","Heather","Republic Records",12,128,58,"6114059"
148,"spotify:track:4Yip3hds5IHyT7AqoNHfmX","Maria Becerra, Becky G","Wow Wow (feat. Becky G)","300 Entertainment",148,-1,1,"6105892"
149,"spotify:track:7hxHWCCAIIxFLCzvDgnQHX","Internet Money, Gunna, Don Toliver, NAV","Lemonade (feat. Gunna, Don Toliver & NAV)","Internet Money Records/ TenThousand Projects",2,119,55,"6082394"
150,"spotify:track:161DnLWsx1i3u1JT05lzqU","Bruno Mars","Talking to the Moon","Atlantic Records",45,126,24,"6074364"
151,"spotify:track:6v3KW9xbzN5yKLt9YKDYA2","Shawn Mendes, Camila Cabello","Señorita","Island Records",1,129,115,"6005385"
152,"spotify:track:5uEYRdEIh9Bo4fpjDd4Na9","Travis Scott, HVME","Goosebumps - Remix","Cactus Jack / Epic",32,120,33,"6004042"
153,"spotify:track:4P7IXYPAkinTdZrBF5bGWp","Zé Neto & Cristiano","Você Beberia Ou Não Beberia?","Som Livre",153,-1,1,"6003966"
154,"spotify:track:45bE4HXI0AwGZXfZtMp8JR","Tate McRae","you broke me first","RCA Records Label",13,131,60,"5998403"
155,"spotify:track:5E30LdtzQTGqRvNd7l6kG5","The Neighbourhood","Daddy Issues","Columbia",99,132,47,"5993917"
156,"spotify:track:65OVbaJR5O1RmwOQx0875b","Drake, Lil Baby","Wants and Needs (feat. Lil Baby)","OVO",6,124,26,"5972305"
157,"spotify:track:72dummgz1gSqm8faekYYQh","Kanye West","Jesus Lord pt 2","Rock The World/IDJ/Kanye LP7",157,-1,1,"5958383"
158,"spotify:track:4PQdrXMDHDPl1RczrrlADd","Luan Santana","MORENA","Sony Music Entertainment",111,121,8,"5951649"
159,"spotify:track:2Nc1v8I86FUGorwjXKo0in","Belly, The Weeknd, Nas","Belly, The Weeknd - Die For It (ft. Nas)","XO | Roc Nation Records, LLC",159,-1,1,"5924965"
160,"spotify:track:4u06FbRh6FvV2FQZkouzCw","Henrique & Juliano","Arranhão - Ao Vivo","Virgin Music Label And Artist Services (S&D)",160,176,2,"5894508"
161,"spotify:track:6wbDn8NI3ygkOeDJiS0ASi","Sefo","Bilmem Mi?","3TR6AP2",75,94,4,"5882287"
162,"spotify:track:7jtQIBanIiJOMS6RyCx6jZ","Tom Odell","Another Love","ITNO/Columbia",76,146,21,"5878089"
163,"spotify:track:4u7EnebtmKWzUH433cf5Qv","Queen","Bohemian Rhapsody - Remastered 2011","EMI",11,144,155,"5872293"
164,"spotify:track:0ct6r3EGTcMLPtrXHDvVjc","Avicii","The Nights","Universal Music AB",44,137,25,"5851282"
165,"spotify:track:7yq4Qj7cqayVTp3FF9CWbm","Vance Joy","Riptide","F-Stop Records/Atlantic",122,136,42,"5838830"
166,"spotify:track:0zLCBJZSiELJf02ucPP9wb","SAINt JHN, Imanbek","Roses - Imanbek Remix","HITCO",3,130,90,"5829947"
167,"spotify:track:0qXP5fMhxGzxALOkXYUxfP","A-Wall","Loverboy","Lord A-Wall Records",165,165,2,"5822755"
168,"spotify:track:3XHJUG5I2zYqOEmEZUX68n","Stray Kids","Thunderous","Republic Records - Stray Kids",168,-1,1,"5812990"
169,"spotify:track:4cktbXiXOapiLBMprHFErI","Maroon 5","Memories","Interscope Records*",2,141,102,"5809131"
170,"spotify:track:6gBFPUFcJLzWGx4lenP6h2","Travis Scott","goosebumps","Epic/Grand Hustle",13,140,212,"5797515"
171,"spotify:track:7Bk0uXKk1uPT0XuQbpFzvs","Los Legendarios, Wisin, Jhay Cortez","Fiel","La Base Music Group/ WK Records",7,134,29,"5764745"
172,"spotify:track:5SwyN9hzmWjBsINlif8li8","Gusttavo Lima","Ficha Limpa","Sony Music Entertainment",125,133,9,"5762698"
173,"spotify:track:1nahzW3kfMuwReTka28tH5","Justin Bieber","Hold On","RBMG/Def Jam",5,127,26,"5738552"
174,"spotify:track:3dYD57lRAUcMHufyqn9GcI","Hozier","Take Me To Church","Universal-Island Records Ltd.",108,142,47,"5721405"
175,"spotify:track:2VxeLyX666F8uXCJ0dZF8B","Lady Gaga, Bradley Cooper","Shallow","A Star is Born OST",3,150,153,"5690198"
176,"spotify:track:2tpWsVSb9UEmDRxAl1zhX1","OneRepublic","Counting Stars","Mosley / Interscope",147,154,29,"5663659"
177,"spotify:track:7CIERzyqIwLVKGp00YbHRO","PinkPantheress","Pain","Parlophone UK",139,139,5,"5643695"
178,"spotify:track:6ocbgoVGwYJhOv1GgI9NsF","Ariana Grande","7 rings","Republic Records",1,145,134,"5635533"
179,"spotify:track:3AJwUDP919kvQ9QcozQPxg","Coldplay","Yellow","Parlophone UK",121,156,37,"5610966"
180,"spotify:track:0EtuSDTRJYUwlPf4y6coIz","Selena Gomez, Camilo","999 (with Camilo)","Interscope Records",180,-1,1,"5599395"
181,"spotify:track:7MC4XR9M9amdmKQr2iDF7i","Justin Wellington, Small Jam","Iko Iko (My Bestie)","RCA Records Label",78,118,13,"5593786"
182,"spotify:track:5jzEwSyyymBlf1fa1o39T2","Mora, Jhay Cortez","512","Rimas Entertainment LLC",55,158,18,"5574638"
183,"spotify:track:6feiJqgHqeSvkGUzf11AYs","Becky Hill, David Guetta","Remember (and David Guetta)","Polydor Records",162,168,4,"5557982"
184,"spotify:track:4s6vwFgPdCtidpEw8KuQT6","Lil Tecca, Gunna","REPEAT IT (with Gunna)","Galactic / Republic Records",128,-1,3,"5547450"
185,"spotify:track:5uCax9HTNlzGybIStD3vDh","James Arthur","Say You Won't Let Go","Columbia",7,159,242,"5547420"
186,"spotify:track:1JSTJqkT5qHq8MDJnJbRE1","The Police","Every Breath You Take","Polydor Records",144,167,38,"5520749"
187,"spotify:track:1yoMvmasuxZfqHEipJhRbp","Maluma","Hawái","Sony Music Latin",2,171,57,"5502543"
188,"spotify:track:0ofHAoxe9vBkTCp2UQIavz","Fleetwood Mac","Dreams - 2004 Remaster","Rhino/Warner Records",20,183,49,"5477944"
189,"spotify:track:2eAvDnpXP5W0cVtiI0PUxV","Ruth B.","Dandelions","Columbia",177,179,4,"5468079"
190,"spotify:track:60ynsPSSKe6O3sfwRnIBRf","Doja Cat","Streets","Kemosabe Records/RCA Records",9,153,34,"5460982"
191,"spotify:track:7lQWRAjyhTpCWFC0jmclT4","Coolio, L.V.","Gangsta's Paradise","Tommy Boy Music, LLC",191,-1,1,"5459053"
192,"spotify:track:59L8x0xy8njj75vzVCPMqg","Becky G, El Alfa","FULANITO","Kemosabe Records/RCA Records",89,135,8,"5452012"
193,"spotify:track:6OTKVgVpVaVjhRLYizPJKA","PinkPantheress","Just for me","Parlophone UK",145,148,3,"5430793"
194,"spotify:track:0xfMlIW8lS40qvpsUw1l0X","Kungs","Never Going Home","Universal Music Division Island Def Jam",152,152,5,"5415878"
195,"spotify:track:7m9OqQk4RVRkw9JJdeAw96","XXXTENTACION","Jocelyn Flores","Bad Vibes Forever / EMPIRE",7,172,202,"5408080"
196,"spotify:track:0nrRP2bk19rLc0orkWPQk2","Avicii","Wake Me Up","Universal Music AB",13,164,52,"5406193"
197,"spotify:track:2XIc1pqjXV3Cr2BQUGNBck","Bad Bunny, ROSALÍA","LA NOCHE DE ANOCHE","Rimas Entertainment LLC",2,149,40,"5389195"
198,"spotify:track:7ytR5pFWmSjzHJIeQkgog4","DaBaby, Roddy Ricch","ROCKSTAR (feat. Roddy Ricch)","South Coast Music Group/Interscope Records",1,160,72,"5388870"
199,"spotify:track:6iBlllot0wdy8f7V5t8OnR","Trippie Redd, Playboi Carti","Miss The Rage (feat. Playboi Carti)","1400 Entertainment, Inc. / 10K Projects",19,83,17,"5385078"
200,"spotify:track:2Fxmhks0bxGSBdJ92vM42m","Billie Eilish","bad guy","Darkroom/Interscope Records",1,170,127,"5363281"
